{
  "sensitivity_by_type": {
    "dose": {
      "n": 95,
      "llama": 0.4421052631578947,
      "qwen": 0.8
    },
    "negation": {
      "n": 113,
      "llama": 0.3008849557522124,
      "qwen": 0.49557522123893805
    },
    "diagnosis": {
      "n": 150,
      "llama": 0.14,
      "qwen": 0.06666666666666667
    },
    "lateral": {
      "n": 150,
      "llama": 0.4266666666666667,
      "qwen": 0.8266666666666667
    }
  },
  "specificity": {
    "n": 200,
    "llama": 0.985,
    "qwen": 0.975
  }
}